{"objective": "binary", "learning_rate": 0.0793807787701838, "lambda_l1": 5.2889492022400955, "lambda_l2": 5.680445615258877, "bagging_freq": 7, "min_child_samples": 11, "max_depth": 5, "random_state": 0, "num_boost_round": 10000, "verbosity": -100}