{"objective": "binary", "learning_rate": 0.027191005598358072, "lambda_l1": 7.742336896599829, "lambda_l2": 4.561503327603981, "bagging_freq": 4, "min_child_samples": 6, "max_depth": 15, "random_state": 0, "num_boost_round": 10000, "verbosity": -100}